{"intents":[{"name":"infoReglamentos","samples":["reglamento","reglamentos","Cuales son los reglamentos"],"slots":[{"name":"reglaType","type":"reglaType","samples":[]}]},{"name":"infoContacto","samples":["sobre contactos","contacto de","contacto de {contactoType}","contacto","contactos"],"slots":[{"name":"contactoType","type":"contactoType","samples":[]}]},{"name":"Ayuda","samples":["puedes hacer por mi","puedes ayudarme","opciones me das","no se que hacer","ayuda"],"slots":[]},{"name":"infoPermiso","samples":["informacion acerca de permisos","permisos","que debo saber antes de pedir un permiso","quiero pedir un permiso"],"slots":[{"name":"permisoType","type":"permisoType","samples":[]}]},{"name":"Saludos","samples":["hola","buen dia","buenos dias","buenas tardes","buenas noches"],"slots":[]},{"name":"infoDocs","samples":["documentos","documento","registro"],"slots":[{"name":"docType","type":"docType","samples":[]}]},{"name":"Error","samples":["sdv","dfgv","iu kjbn","oerr","sd sd","dbfdb","sdc","kjn lkm kln","asd asdc ","awss aws","sxdv ds v","wef wef"],"slots":[]},{"name":"sendEmail","samples":["email permiso","enviar un email por mi"],"slots":[{"name":"emailType","type":"AMAZON.EmailAddress","samples":[]},{"name":"fechaType","type":"AMAZON.DATE","samples":[]},{"name":"motivoType","type":"motivoPermiso","samples":[]},{"name":"nombreType","type":"AMAZON.Person","samples":[]}]}],"types":[{"name":"motivoPermiso","values":[{"name":{"value":"porque","synonyms":[]}}]},{"name":"docType","values":[{"name":{"value":"lista de documentos","synonyms":[]}},{"name":{"value":"proceso de documentacion","synonyms":[]}},{"name":{"value":"carta de aceptacion","synonyms":[]}}]},{"name":"contactoType","values":[{"name":{"value":"gestor","synonyms":[]}},{"name":{"value":"kleenera","synonyms":[]}},{"name":{"value":"gerente","synonyms":[]}}]},{"name":"permisoType","values":[{"name":{"value":"permisos generales","synonyms":[]}},{"name":{"value":"faltas justificadas","synonyms":[]}}]},{"name":"reglaType","values":[{"name":{"value":"general","synonyms":[]}},{"name":{"value":"laboratorio","synonyms":[]}},{"name":{"value":"seguridad y confidencialidad ","synonyms":[]}}]}],"prompts":[{"id":"Elicit.Intent-infoReglamentos.IntentSlot-reglaType","promptVersion":"1.0","definitionVersion":"1.0","variations":[{"type":"PlainText","value":"Que tipo de reglamento quieres saber? Estan disponibles laboratorio, general o confidencial y seguridad"}]},{"id":"Elicit.Intent-infoContacto.IntentSlot-contactoType","promptVersion":"1.0","definitionVersion":"1.0","variations":[{"type":"PlainText","value":"De quien deseas conocer la informacion? Kleenera, gestor o gerente"}]},{"id":"Elicit.Intent-infoPermiso.IntentSlot-permisoType","promptVersion":"1.0","definitionVersion":"1.0","variations":[{"type":"PlainText","value":"La informacion que tengo acerca de permisos es: faltas no justificadas y permisos generales. Escribe el que te interese de los mencionados."}]},{"id":"Elicit.Intent-infoDocs.IntentSlot-docType","promptVersion":"1.0","definitionVersion":"1.0","variations":[{"type":"PlainText","value":"Que deseas saber acerca de la documentacion para el registro con T-Systems: Lista de documentos, Proceso de documentacion, Carta de aceptacion? Escriba uno de los mencionados por favor."}]},{"id":"Elicit.Intent-sendEmail.IntentSlot-emailType","promptVersion":"1.0","definitionVersion":"1.0","variations":[{"type":"PlainText","value":"{nombreType} Cual es tu email?"}]},{"id":"Elicit.Intent-sendEmail.IntentSlot-fechaType","promptVersion":"1.0","definitionVersion":"1.0","variations":[{"type":"PlainText","value":"Fecha que deseas faltar? En el formato AA-MM-DD por favor"}]},{"id":"Elicit.Intent-sendEmail.IntentSlot-motivoType","promptVersion":"1.0","definitionVersion":"1.0","variations":[{"type":"PlainText","value":"Cual es el motivo de su falta? Puedes escoger entre [personales: unicamente en caso de fallecimiento de un familiar cercano o asunto delicado] [salud: solo con justificante] [escolares: asuntos importantes de la universidad]"}]},{"id":"Elicit.Intent-sendEmail.IntentSlot-nombreType","promptVersion":"1.0","definitionVersion":"1.0","variations":[{"type":"PlainText","value":"Ok. Cual es tu nombre completo?"}]}],"dialog":{"version":"1.0","intents":[{"name":"infoReglamentos","confirmationRequired":false,"prompts":{},"slots":[{"name":"reglaType","type":"reglaType","elicitationRequired":true,"confirmationRequired":false,"prompts":{"elicit":"Elicit.Intent-infoReglamentos.IntentSlot-reglaType"}}]},{"name":"infoContacto","confirmationRequired":false,"prompts":{},"slots":[{"name":"contactoType","type":"contactoType","elicitationRequired":true,"confirmationRequired":false,"prompts":{"elicit":"Elicit.Intent-infoContacto.IntentSlot-contactoType"}}]},{"name":"Ayuda","confirmationRequired":false,"prompts":{},"slots":[]},{"name":"infoPermiso","confirmationRequired":false,"prompts":{},"slots":[{"name":"permisoType","type":"permisoType","elicitationRequired":true,"confirmationRequired":false,"prompts":{"elicit":"Elicit.Intent-infoPermiso.IntentSlot-permisoType"}}]},{"name":"Saludos","confirmationRequired":false,"prompts":{},"slots":[]},{"name":"infoDocs","confirmationRequired":false,"prompts":{},"slots":[{"name":"docType","type":"docType","elicitationRequired":true,"confirmationRequired":false,"prompts":{"elicit":"Elicit.Intent-infoDocs.IntentSlot-docType"}}]},{"name":"Error","confirmationRequired":false,"prompts":{},"slots":[]},{"name":"sendEmail","confirmationRequired":false,"prompts":{},"slots":[{"name":"emailType","type":"AMAZON.EmailAddress","elicitationRequired":true,"confirmationRequired":false,"prompts":{"elicit":"Elicit.Intent-sendEmail.IntentSlot-emailType"}},{"name":"fechaType","type":"AMAZON.DATE","elicitationRequired":true,"confirmationRequired":false,"prompts":{"elicit":"Elicit.Intent-sendEmail.IntentSlot-fechaType"}},{"name":"motivoType","type":"motivoPermiso","elicitationRequired":true,"confirmationRequired":false,"prompts":{"elicit":"Elicit.Intent-sendEmail.IntentSlot-motivoType"}},{"name":"nombreType","type":"AMAZON.Person","elicitationRequired":true,"confirmationRequired":false,"prompts":{"elicit":"Elicit.Intent-sendEmail.IntentSlot-nombreType"}}]}]}}